CG10119,LamC,LamC,FBgn0010397,PC00101,picdata/32/insitu65915_s.bmp,1,lateral,,
CG10119,LamC,LamC,FBgn0010397,PC00101,picdata/32/insitu65917_s.bmp,1,lateral,,
CG10119,LamC,LamC,FBgn0010397,PC00101,picdata/32/insitu65916_s.bmp,2,,,
CG10119,LamC,LamC,FBgn0010397,PC00101,picdata/32/insitu65918_s.bmp,2,,,
CG10119,LamC,LamC,FBgn0010397,PC00101,picdata/32/insitu65925_s.bmp,3,,,
CG10119,LamC,LamC,FBgn0010397,PC00101,picdata/32/insitu65923_s.bmp,4,,,
CG10119,LamC,LamC,FBgn0010397,PC00101,picdata/32/insitu65921_s.bmp,4,,,
CG10119,LamC,LamC,FBgn0010397,PC00101,picdata/32/insitu65926_s.bmp,5,lateral,,
CG10119,LamC,LamC,FBgn0010397,PC00101,picdata/32/insitu65924_s.bmp,6,,,
CG10119,LamC,LamC,FBgn0010397,PC00101,picdata/32/insitu65919_s.bmp,6,,,
CG10119,LamC,LamC,FBgn0010397,PC00101,picdata/32/insitu65920_s.bmp,6,,,
CG10120,Men,Men,FBgn0002719,LD27718-dg,picdata/35/insitu67517_s.bmp,1,lateral,,low
CG10120,Men,Men,FBgn0002719,LD27718-dg,picdata/35/insitu67519_s.bmp,2,dorsal,,low
CG10120,Men,Men,FBgn0002719,LD27718-dg,picdata/35/insitu67518_s.bmp,2,lateral,,low
CG10121,SP1173,SP1173,FBgn0035710,GH14073,picdata/34/insitu77824_s.bmp,1,lateral,,low
CG10121,SP1173,SP1173,FBgn0035710,GH14073,picdata/34/insitu77822_s.bmp,2,lateral,,low
CG10121,SP1173,SP1173,FBgn0035710,GH14073,picdata/34/insitu77825_s.bmp,2,lateral,DV_inverted,low
CG10121,SP1173,SP1173,FBgn0035710,GH14073,picdata/34/insitu77818_s.bmp,3,lateral,AP_DV_inverted,low
CG10121,SP1173,SP1173,FBgn0035710,GH14073,picdata/34/insitu77823_s.bmp,3,dorsal,,low
CG10121,SP1173,SP1173,FBgn0035710,GH14073,picdata/34/insitu77821_s.bmp,4,lateral,,low
CG10121,SP1173,SP1173,FBgn0035710,GH14073,picdata/34/insitu77810_s.bmp,4,lateral,,low
CG10121,SP1173,SP1173,FBgn0035710,GH14073,picdata/34/insitu77809_s.bmp,4,lateral,,low
CG10121,SP1173,SP1173,FBgn0035710,GH14073,picdata/34/insitu77812_s.bmp,4,lateral,,low
CG10121,SP1173,SP1173,FBgn0035710,GH14073,picdata/34/insitu77816_s.bmp,5,lateral,,low
CG10121,SP1173,SP1173,FBgn0035710,GH14073,picdata/34/insitu77813_s.bmp,5,lateral,,low
CG10121,SP1173,SP1173,FBgn0035710,GH14073,picdata/34/insitu77811_s.bmp,5,lateral,,low
CG10121,SP1173,SP1173,FBgn0035710,GH14073,picdata/34/insitu77817_s.bmp,5,lateral,,low
CG10125,zpg,zpg,FBgn0024177,RE18536,picdata/33/insitu18718_s.bmp,1,lateral,,low
CG10125,zpg,zpg,FBgn0024177,RE18536,picdata/33/insitu18723_s.bmp,1,lateral,,low
CG10125,zpg,zpg,FBgn0024177,RE18536,picdata/33/insitu18722_s.bmp,2,lateral,,low
CG10125,zpg,zpg,FBgn0024177,RE18536,picdata/33/insitu18713_s.bmp,2,lateral,,low
CG10125,zpg,zpg,FBgn0024177,RE18536,picdata/33/insitu18715_s.bmp,2,lateral,,low
CG10125,zpg,zpg,FBgn0024177,RE18536,picdata/33/insitu18714_s.bmp,4,lateral,,low
CG10126,CG10126,CG10126,FBgn0038088,GH22994,picdata/20/insitu10752_s.bmp,1,lateral,,low
CG10126,CG10126,CG10126,FBgn0038088,GH22994,picdata/20/insitu10754_s.bmp,2,lateral,DV_inverted,low
CG10126,CG10126,CG10126,FBgn0038088,GH22994,picdata/20/insitu10753_s.bmp,5,lateral,,low
CG10128,tra2,tra2,FBgn0003742,SD04329-dg,picdata/18/insitu77824_s.bmp,1,lateral,,low
CG10128,tra2,tra2,FBgn0003742,SD04329-dg,picdata/18/insitu77822_s.bmp,2,lateral,,low
CG10128,tra2,tra2,FBgn0003742,SD04329-dg,picdata/18/insitu77825_s.bmp,3,lateral,,low
CG10128,tra2,tra2,FBgn0003742,SD04329-dg,picdata/18/insitu77818_s.bmp,4,lateral,,low
CG10128,tra2,tra2,FBgn0003742,SD04329-dg,picdata/18/insitu77823_s.bmp,5,lateral,,low
CG10128,tra2,tra2,FBgn0003742,SD04329-dg,picdata/18/insitu77821_s.bmp,5,lateral,,low
CG10128,tra2,tra2,FBgn0003742,SD04329-dg,picdata/18/insitu77810_s.bmp,6,lateral,,low
CG10128,tra2,tra2,FBgn0003742,SD04329-dg,picdata/18/insitu77809_s.bmp,6,lateral,,low
CG10128,tra2,tra2,FBgn0003742,SD04329-dg,picdata/18/insitu77812_s.bmp,6,,,high
CG10128,tra2,tra2,FBgn0003742,SD04329-dg,picdata/18/insitu77816_s.bmp,6,dorsal,,low
CG10128,tra2,tra2,FBgn0003742,SD04329-dg,picdata/18/insitu77813_s.bmp,6,,,high
CG10128,tra2,tra2,FBgn0003742,SD04329-dg,picdata/18/insitu77811_s.bmp,6,,,high
CG10128,tra2,tra2,FBgn0003742,SD04329-dg,picdata/18/insitu77817_s.bmp,6,dorsal,,low
CG10130,Sec61beta,Sec61beta,FBgn0010638,RH61539,picdata/27/insitu38488_s.bmp,1,lateral,,low
CG10130,Sec61beta,Sec61beta,FBgn0010638,RH61539,picdata/27/insitu38490_s.bmp,2,lateral,,low
CG10130,Sec61beta,Sec61beta,FBgn0010638,RH61539,picdata/27/insitu38489_s.bmp,2,lateral,,low
CG10132,CG10132,CG10132,FBgn0032798,LP04395,picdata/9/insitu67517_s.bmp,1,lateral,,low
CG10132,CG10132,CG10132,FBgn0032798,LP04395,picdata/9/insitu67519_s.bmp,1,lateral,,low
CG10132,CG10132,CG10132,FBgn0032798,LP04395-tf,picdata/9/insitu67518_s.bmp,1,lateral,,low
CG10133,CG10133,CG10133,FBgn0036366,GH14974-dg,picdata/29/insitu26196_s.bmp,6,lateral,,low
CG10133,CG10133,CG10133,FBgn0036366,GH14974-dg,picdata/29/insitu26197_s.bmp,1,,,
CG10133,CG10133,CG10133,FBgn0036366,GH14974-dg,picdata/29/insitu26195_s.bmp,1,,,
CG10134,beat-Va,beat-Va,FBgn0038087,IP01704,picdata/11/insitu17610_s.bmp,1,dorsal,,
CG10134,beat-Va,beat-Va,FBgn0038087,IP01704,picdata/11/insitu17612_s.bmp,1,dorsal,,
CG10134,beat-Va,beat-Va,FBgn0038087,IP01704,picdata/11/insitu17613_s.bmp,1,dorsal,,
CG10134,beat-Va,beat-Va,FBgn0038087,IP01704,picdata/11/insitu17611_s.bmp,2,dorsal,,
CG10137,CG10137,CG10137,FBgn0032800,GH24474-dg,picdata/42/insitu38488_s.bmp,6,lateral,,
CG10137,CG10137,CG10137,FBgn0032800,GH24474-dg,picdata/42/insitu38490_s.bmp,6,ventral,,
CG10137,CG10137,CG10137,FBgn0032800,GH24474-dg,picdata/42/insitu38489_s.bmp,1,,,
CG10138,PpD5,PpD5,FBgn0005778,GH12873,picdata/7/insitu18718_s.bmp,1,lateral,,low
CG10138,PpD5,PpD5,FBgn0005778,GH12873,picdata/7/insitu18723_s.bmp,2,lateral,,low
CG10138,PpD5,PpD5,FBgn0005778,GH12873,picdata/7/insitu18722_s.bmp,2,lateral,,low
CG10138,PpD5,PpD5,FBgn0005778,GH12873,picdata/7/insitu18713_s.bmp,3,lateral,AP_inverted,low
CG10138,PpD5,PpD5,FBgn0005778,GH12873,picdata/7/insitu18715_s.bmp,4,dorsal,AP_inverted,low
CG10138,PpD5,PpD5,FBgn0005778,GH12873,picdata/7/insitu18714_s.bmp,4,lateral,,low
CG10140,CG10140,CG10140,FBgn0036363,IP06701,picdata/16/insitu65915_s.bmp,1,dorsal,,
CG10140,CG10140,CG10140,FBgn0036363,IP06701,picdata/16/insitu65917_s.bmp,2,lateral,,
CG10140,CG10140,CG10140,FBgn0036363,IP06701,picdata/16/insitu65916_s.bmp,3,lateral,,
CG10140,CG10140,CG10140,FBgn0036363,IP06701,picdata/16/insitu65918_s.bmp,3,lateral,,
CG10140,CG10140,CG10140,FBgn0036363,IP06701,picdata/16/insitu65925_s.bmp,4,lateral,,
CG10140,CG10140,CG10140,FBgn0036363,IP06701,picdata/16/insitu65923_s.bmp,4,dorsal,,
CG10140,CG10140,CG10140,FBgn0036363,IP06701,picdata/16/insitu65921_s.bmp,5,dorsal,,
CG10140,CG10140,CG10140,FBgn0036363,IP06701,picdata/16/insitu65926_s.bmp,6,lateral,,
CG10140,CG10140,CG10140,FBgn0036363,IP06701,picdata/16/insitu65924_s.bmp,6,dorsal,,
CG10140,CG10140,CG10140,FBgn0036363,IP06701,picdata/16/insitu65919_s.bmp,1,dorsal,,
CG10140,CG10140,CG10140,FBgn0036363,IP06701,picdata/16/insitu65920_s.bmp,1,dorsal,,
CG10142,Ance-5,Ance-5,FBgn0035076,FI09601,picdata/45/insitu11536_s.bmp,1,lateral,,
CG10142,Ance-5,Ance-5,FBgn0035076,FI09601,picdata/45/insitu11535_s.bmp,2,lateral,,
CG10142,Ance-5,Ance-5,FBgn0035076,FI09601,picdata/45/insitu11537_s.bmp,3,lateral,,
CG10142,Ance-5,Ance-5,FBgn0035076,FI09601,picdata/45/insitu11539_s.bmp,5,lateral,,
CG10142,Ance-5,Ance-5,FBgn0035076,FI09601,picdata/45/insitu11541_s.bmp,6,ventral,,
CG10142,Ance-5,Ance-5,FBgn0035076,FI09601,picdata/45/insitu11538_s.bmp,1,lateral,,low
CG10145,mspo,mspo,FBgn0020269,RE52725,picdata/6/insitu65915_s.bmp,2,lateral,,low
CG10145,mspo,mspo,FBgn0020269,RE52725,picdata/6/insitu65917_s.bmp,2,dorsal,,low
CG10145,mspo,mspo,FBgn0020269,RE52725,picdata/6/insitu65916_s.bmp,2,lateral,,low
CG10145,mspo,mspo,FBgn0020269,RE52725,picdata/6/insitu65918_s.bmp,2,lateral,,low
CG10145,mspo,mspo,FBgn0020269,RE52725,picdata/6/insitu65925_s.bmp,3,lateral,,low
CG10145,mspo,mspo,FBgn0020269,RE52725,picdata/6/insitu65923_s.bmp,3,dorsal,,low
CG10145,mspo,mspo,FBgn0020269,RE52725,picdata/6/insitu65921_s.bmp,3,dorsal,,low
CG10145,mspo,mspo,FBgn0020269,RE52725,picdata/6/insitu65926_s.bmp,3,lateral,,low
CG10145,mspo,mspo,FBgn0020269,RE52725,picdata/6/insitu65924_s.bmp,3,lateral,,low
CG10145,mspo,mspo,FBgn0020269,RE52725,picdata/6/insitu65919_s.bmp,4,lateral,,low
CG10145,mspo,mspo,FBgn0020269,RE52725,picdata/6/insitu65920_s.bmp,5,lateral,,low
CG10147,CG10147,CG10147,,IP01005,picdata/28/insitu34812_s.bmp,1,lateral,,
CG10147,CG10147,CG10147,,IP01005,picdata/28/insitu34814_s.bmp,1,lateral,,
CG10147,CG10147,CG10147,,IP01005,picdata/28/insitu34816_s.bmp,1,lateral,,
CG10147,CG10147,CG10147,,IP01005,picdata/28/insitu34811_s.bmp,1,lateral,,
CG10147,CG10147,CG10147,,IP01005,picdata/28/insitu34813_s.bmp,1,lateral,,
CG10147,CG10147,CG10147,,IP01005,picdata/28/insitu34817_s.bmp,2,lateral,,
CG10147,CG10147,CG10147,,IP01005,picdata/28/insitu34815_s.bmp,3,dorsal,,
CG10149,Rpn6,Rpn6,FBgn0028689,PC00102,picdata/17/insitu18718_s.bmp,1,lateral,,
CG10149,Rpn6,Rpn6,FBgn0028689,PC00102,picdata/17/insitu18723_s.bmp,2,,,
CG10149,Rpn6,Rpn6,FBgn0028689,PC00102,picdata/17/insitu18722_s.bmp,2,,,
CG10149,Rpn6,Rpn6,FBgn0028689,PC00102,picdata/17/insitu18713_s.bmp,3,,,
CG10149,Rpn6,Rpn6,FBgn0028689,PC00102,picdata/17/insitu18715_s.bmp,4,,,
CG10149,Rpn6,Rpn6,FBgn0028689,PC00102,picdata/17/insitu18714_s.bmp,5,lateral,,
CG10151,CG10151,CG10151,FBgn0033960,GH05433,picdata/10/insitu10752_s.bmp,1,lateral,,low
CG10151,CG10151,CG10151,FBgn0033960,GH05433,picdata/10/insitu10754_s.bmp,3,lateral,,low
CG10151,CG10151,CG10151,FBgn0033960,GH05433,picdata/10/insitu10753_s.bmp,3,lateral,AP_inverted,low
CG10153,CG10153,CG10153,FBgn0033962,GH17639-dg,picdata/1/insitu17734_s.bmp,1,,,
CG10153,CG10153,CG10153,FBgn0033962,GH17639-dg,picdata/1/insitu17733_s.bmp,1,,,
CG10038,CG10038,CG10038,FBgn0038013,LD19518-RD,picdata/19/insitu67517_s.bmp,1,lateral,,
CG10038,CG10038,CG10038,FBgn0038013,LD19518-RD,picdata/19/insitu67519_s.bmp,2,lateral,,
CG10038,CG10038,CG10038,FBgn0038013,LD19518-RD,picdata/19/insitu67518_s.bmp,2,lateral,,
CG10039,CG10039,CG10039,FBgn0031581,IP21803,picdata/26/insitu17610_s.bmp,1,lateral,,low
CG10039,CG10039,CG10039,FBgn0031581,IP21803,picdata/26/insitu17612_s.bmp,2,dorsal,,low
CG10039,CG10039,CG10039,FBgn0031581,IP21803,picdata/26/insitu17613_s.bmp,3,lateral,,low
CG10039,CG10039,CG10039,FBgn0031581,IP21803,picdata/26/insitu17611_s.bmp,4,lateral,,low
CG1004,rho,rho,FBgn0004635,LD06131-dg,picdata/8/insitu77824_s.bmp,1,lateral,,low
CG1004,rho,rho,FBgn0004635,LD06131-dg,picdata/8/insitu77822_s.bmp,2,ventral,,low
CG1004,rho,rho,FBgn0004635,LD06131-dg,picdata/8/insitu77825_s.bmp,2,lateral,,low
CG1004,rho,rho,FBgn0004635,LD06131-dg,picdata/8/insitu77818_s.bmp,2,lateral,,low
CG1004,rho,rho,FBgn0004635,LD06131-dg,picdata/8/insitu77823_s.bmp,2,,,high
CG1004,rho,rho,FBgn0004635,LD06131-dg,picdata/8/insitu77821_s.bmp,2,,,high
CG1004,rho,rho,FBgn0004635,LD06131-dg,picdata/8/insitu77810_s.bmp,2,,,high
CG1004,rho,rho,FBgn0004635,LD06131-dg,picdata/8/insitu77809_s.bmp,2,ventral,,low
CG1004,rho,rho,FBgn0004635,LD06131-dg,picdata/8/insitu77812_s.bmp,2,ventral,,low
CG1004,rho,rho,FBgn0004635,LD06131-dg,picdata/8/insitu77816_s.bmp,2,lateral,,low
CG1004,rho,rho,FBgn0004635,LD06131-dg,picdata/8/insitu77813_s.bmp,2,dorsal,,low
CG1004,rho,rho,FBgn0004635,LD06131-dg,picdata/8/insitu77811_s.bmp,2,,,high
CG1004,rho,rho,FBgn0004635,LD06131-dg,picdata/8/insitu77817_s.bmp,2,,,high
CG10042,MBD-R2,MBD-R2,FBgn0038016,SD10773-TF,picdata/21/insitu17734_s.bmp,1,lateral,,
CG10042,MBD-R2,MBD-R2,FBgn0038016,SD10773-TF,picdata/21/insitu17733_s.bmp,2,lateral,,
CG10043,rtGEF,rtGEF,FBgn0015803,GH28580,picdata/44/insitu26196_s.bmp,1,lateral,,
CG10043,rtGEF,rtGEF,FBgn0015803,GH28580,picdata/44/insitu26197_s.bmp,1,lateral,,
CG10043,rtGEF,rtGEF,FBgn0015803,GH28580,picdata/44/insitu26195_s.bmp,1,lateral,,
CG10045,GstD1,GstD1,FBgn0001149,RH47312,picdata/43/insitu34812_s.bmp,1,lateral,,low
CG10045,GstD1,GstD1,FBgn0001149,RH47312,picdata/43/insitu34814_s.bmp,1,lateral,,low
CG10045,GstD1,GstD1,FBgn0001149,RH47312,picdata/43/insitu34816_s.bmp,2,dorsal,,low
CG10045,GstD1,GstD1,FBgn0001149,RH47312,picdata/43/insitu34811_s.bmp,2,lateral,,low
CG10045,GstD1,GstD1,FBgn0001149,RH47312,picdata/43/insitu34813_s.bmp,2,lateral,,low
CG10045,GstD1,GstD1,FBgn0001149,RH47312,picdata/43/insitu34817_s.bmp,3,lateral,,low
CG10045,GstD1,GstD1,FBgn0001149,RH47312,picdata/43/insitu34815_s.bmp,3,lateral,,low
CG10047,SytIV,SytIV,FBgn0028400,RE67111,img_dir_38/insitu38832.jpe,1,lateral,,low
CG10047,SytIV,SytIV,FBgn0028400,RE67111,img_dir_38/insitu38833.jpe,2,dorsal,,low
CG10047,SytIV,SytIV,FBgn0028400,RE67111,img_dir_38/insitu38834.jpe,4,lateral,,low
CG10047,SytIV,SytIV,FBgn0028400,RE67111,img_dir_38/insitu38835.jpe,5,lateral,,low
CG10047,SytIV,SytIV,FBgn0028400,RE67111,img_dir_38/insitu38836.jpe,6,lateral,,low
CG10047,SytIV,SytIV,FBgn0028400,RE67111,img_dir_38/insitu38837.jpe,6,ventral,,low
CG10047,SytIV,SytIV,FBgn0028400,RE67111,img_dir_38/insitu38838.jpe,6,ventral,,low
CG10047,SytIV,SytIV,FBgn0028400,RE67111,img_dir_38/insitu38839.jpe,6,,,high
CG10047,SytIV,SytIV,FBgn0028400,RE67111,img_dir_38/insitu38840.jpe,6,,,high
CG10047,SytIV,SytIV,FBgn0028400,RE67111,img_dir_38/insitu38841.jpe,6,lateral,,low
CG10047,SytIV,SytIV,FBgn0028400,RE67111,img_dir_38/insitu38842.jpe,6,lateral,,low
CG10047,SytIV,SytIV,FBgn0028400,RE67111,img_dir_38/insitu38843.jpe,6,dorsal,,low
CG10047,SytIV,SytIV,FBgn0028400,RE67111,img_dir_38/insitu38844.jpe,6,ventral,,low
CG10050,CG10050,CG10050,FBgn0037492,RE31178,picdata/38/insitu28957_s.bmp,1,lateral,,low
CG10050,CG10050,CG10050,FBgn0037492,RE31178,picdata/38/insitu28955_s.bmp,1,lateral,,low
CG10050,CG10050,CG10050,FBgn0037492,RE31178,picdata/38/insitu24954_s.bmp,1,lateral,,low
CG10050,CG10050,CG10050,FBgn0037492,RE31178,picdata/38/insitu24953_s.bmp,1,lateral,,low
CG10050,CG10050,CG10050,FBgn0037492,RE31178,picdata/38/insitu28956_s.bmp,1,lateral,,low
CG10052,Rx,Rx,FBgn0020617,RE39020,picdata/36/insitu10752_s.bmp,1,lateral,,low
CG10052,Rx,Rx,FBgn0020617,RE39020,picdata/36/insitu10754_s.bmp,2,lateral,,low
CG10052,Rx,Rx,FBgn0020617,RE39020,picdata/36/insitu10753_s.bmp,2,dorsal,,low
CG10053,CG10053,CG10053,FBgn0037490,LD46678-IR,picdata/30/insitu11536_s.bmp,1,dorsal,,
CG10053,CG10053,CG10053,FBgn0037490,LD46678-IR,picdata/30/insitu11535_s.bmp,1,lateral,,
CG10053,CG10053,CG10053,FBgn0037490,LD46678-IR,picdata/30/insitu11537_s.bmp,2,lateral,,
CG10053,CG10053,CG10053,FBgn0037490,LD46678-IR,picdata/30/insitu11539_s.bmp,2,dorsal,,
CG10053,CG10053,CG10053,FBgn0037490,LD46678-IR,picdata/30/insitu11541_s.bmp,2,dorsal,,
CG10053,CG10053,CG10053,FBgn0037490,LD46678-IR,picdata/30/insitu11538_s.bmp,3,dorsal,,
CG10059,MAGE,MAGE,FBgn0037481,RE25453,picdata/37/insitu21988_s.bmp,1,lateral,,low
CG10059,MAGE,MAGE,FBgn0037481,RE25453,picdata/37/insitu21985_s.bmp,2,lateral,,low
CG10059,MAGE,MAGE,FBgn0037481,RE25453,picdata/37/insitu21987_s.bmp,2,lateral,,low
CG10059,MAGE,MAGE,FBgn0037481,RE25453,picdata/37/insitu21986_s.bmp,3,lateral,AP_inverted,low
CG10059,MAGE,MAGE,FBgn0037481,RE25453,picdata/37/insitu21984_s.bmp,4,dorsal,,low
CG10060,G-ialpha65A,G-ialpha65A,FBgn0001104,LD22201-dg,picdata/41/insitu17610_s.bmp,1,lateral,,low
CG10060,G-ialpha65A,G-ialpha65A,FBgn0001104,LD22201-dg,picdata/41/insitu17612_s.bmp,2,lateral,,low
CG10060,G-ialpha65A,G-ialpha65A,FBgn0001104,LD22201-dg,picdata/41/insitu17613_s.bmp,3,lateral,,low
CG10060,G-ialpha65A,G-ialpha65A,FBgn0001104,LD22201-dg,picdata/41/insitu17611_s.bmp,4,lateral,,low
CG1009,Psa,Psa,FBgn0035226,PC00100,picdata/39/insitu20892_s.bmp,4,,,
CG1009,Psa,Psa,FBgn0035226,PC00100,picdata/39/insitu17745_s.bmp,4,,,
CG1009,Psa,Psa,FBgn0035226,PC00100,picdata/39/insitu21983_s.bmp,5,dorsal,,
CG1009,Psa,Psa,FBgn0035226,PC00100,picdata/39/insitu17743_s.bmp,5,lateral,,
CG1009,Psa,Psa,FBgn0035226,PC00100,picdata/39/insitu17741_s.bmp,5,lateral,,
CG1009,Psa,Psa,FBgn0035226,PC00100,picdata/39/insitu17739_s.bmp,5,lateral,,
CG1009,Psa,Psa,FBgn0035226,PC00100,picdata/39/insitu17746_s.bmp,6,,,
CG1009,Psa,Psa,FBgn0035226,PC00100,picdata/39/insitu17738_s.bmp,6,,,
CG10090,Tim17a1,Tim17a1,FBgn0038018,AT08090,picdata/23/insitu28957_s.bmp,1,,,
CG10090,Tim17a1,Tim17a1,FBgn0038018,AT08090,picdata/23/insitu28955_s.bmp,1,,,
CG10092,CG10092,CG10092,FBgn0037526,RE18459,picdata/23/insitu24954_s.bmp,1,,,
CG10092,CG10092,CG10092,FBgn0037526,RE18459,picdata/23/insitu24953_s.bmp,1,,,
CG10095,CG10095,CG10095,FBgn0037993,LP06602,picdata/23/insitu28956_s.bmp,1,,,
CG10095,dpr15,dpr15,FBgn0037993,FI05813,picdata/24/insitu17736_s.bmp,2,dorsal,,
CG10095,dpr15,dpr15,FBgn0037993,FI05813,picdata/24/insitu17735_s.bmp,2,dorsal,,
CG10095,dpr15,dpr15,FBgn0037993,FI05813,picdata/24/insitu17737_s.bmp,2,dorsal,,
CG10095,dpr15,dpr15,FBgn0037993,FI05813,picdata/24/insitu20890_s.bmp,2,dorsal,,
CG10095,dpr15,dpr15,FBgn0037993,FI05813,picdata/24/insitu20892_s.bmp,3,dorsal,,
CG10095,dpr15,dpr15,FBgn0037993,FI05813,picdata/24/insitu17745_s.bmp,3,lateral,,
CG10095,dpr15,dpr15,FBgn0037993,FI05813,picdata/24/insitu21983_s.bmp,3,lateral,,
CG10095,dpr15,dpr15,FBgn0037993,FI05813,picdata/24/insitu17743_s.bmp,4,lateral,,
CG10095,dpr15,dpr15,FBgn0037993,FI05813,picdata/24/insitu17741_s.bmp,4,dorsal,,
CG10095,dpr15,dpr15,FBgn0037993,FI05813,picdata/24/insitu17739_s.bmp,4,lateral,,
CG10095,dpr15,dpr15,FBgn0037993,FI05813,picdata/24/insitu17746_s.bmp,5,lateral,,
CG10095,dpr15,dpr15,FBgn0037993,FI05813,picdata/24/insitu17738_s.bmp,5,ventral,,
CG10095,dpr15,dpr15,FBgn0037993,FI05813,picdata/4/insitu17736_s.bmp,5,lateral,,
CG10095,dpr15,dpr15,FBgn0037993,FI05813,picdata/4/insitu17735_s.bmp,6,dorsal,,
CG10095,dpr15,dpr15,FBgn0037993,FI05813,picdata/4/insitu17737_s.bmp,6,dorsal,,
CG10095,dpr15,dpr15,FBgn0037993,FI05813,picdata/4/insitu20890_s.bmp,6,dorsal,,
CG10098,CG10098,CG10098,FBgn0037472,LD30995-dg,picdata/4/insitu20892_s.bmp,1,,,
CG10098,CG10098,CG10098,FBgn0037472,LD30995-dg,picdata/4/insitu17745_s.bmp,1,,,
CG10104,CG10104,CG10104,FBgn0033933,AT05209,picdata/4/insitu21983_s.bmp,1,,,
CG10104,CG10104,CG10104,FBgn0033933,AT05209,picdata/4/insitu17743_s.bmp,1,,,
CG10105,CG10105,CG10105,FBgn0033935,LD23656-dg,picdata/4/insitu17741_s.bmp,1,,,
CG10105,CG10105,CG10105,FBgn0033935,LD23656-dg,picdata/4/insitu17739_s.bmp,1,,,
CG10106,Tsp42Ee,Tsp42Ee,FBgn0029506,RE12209,picdata/4/insitu17746_s.bmp,1,lateral,,low
CG10106,Tsp42Ee,Tsp42Ee,FBgn0029506,RE12209,picdata/4/insitu17738_s.bmp,1,lateral,,low
CG10106,Tsp42Ee,Tsp42Ee,FBgn0029506,RE12209,picdata/15/insitu11536_s.bmp,2,lateral,AP_inverted,low
CG10106,Tsp42Ee,Tsp42Ee,FBgn0029506,RE12209,picdata/15/insitu11535_s.bmp,2,,,high
CG10106,Tsp42Ee,Tsp42Ee,FBgn0029506,RE12209,picdata/15/insitu11537_s.bmp,2,lateral,,low
CG10106,Tsp42Ee,Tsp42Ee,FBgn0029506,RE12209,picdata/15/insitu11539_s.bmp,2,lateral,AP_inverted,low
CG10106,Tsp42Ee,Tsp42Ee,FBgn0029506,RE12209,picdata/15/insitu11541_s.bmp,2,lateral,AP_DV_inverted,low
CG10106,Tsp42Ee,Tsp42Ee,FBgn0029506,RE12209,picdata/15/insitu11538_s.bmp,3,lateral,AP_inverted,low
CG10106,Tsp42Ee,Tsp42Ee,FBgn0029506,RE12209,picdata/3/insitu28957_s.bmp,4,dorsal,,low
CG10106,Tsp42Ee,Tsp42Ee,FBgn0029506,RE12209,picdata/3/insitu28955_s.bmp,5,lateral,,low
CG10106,Tsp42Ee,Tsp42Ee,FBgn0029506,RE12209,picdata/3/insitu24954_s.bmp,5,lateral,,low
CG10106,Tsp42Ee,Tsp42Ee,FBgn0029506,RE12209,picdata/3/insitu24953_s.bmp,5,lateral,,low
CG10106,Tsp42Ee,Tsp42Ee,FBgn0029506,RE12209,picdata/3/insitu28956_s.bmp,5,dorsal,,low
CG10106,Tsp42Ee,Tsp42Ee,FBgn0029506,RE12209,picdata/12/insitu38488_s.bmp,5,lateral,,low
CG10106,Tsp42Ee,Tsp42Ee,FBgn0029506,RE12209,picdata/12/insitu38490_s.bmp,5,lateral,,low
CG10106,Tsp42Ee,Tsp42Ee,FBgn0029506,RE12209,picdata/12/insitu38489_s.bmp,5,lateral,,low
CG10106,Tsp42Ee,Tsp42Ee,FBgn0029506,RE12209,picdata/40/insitu12463_s.bmp,6,lateral,AP_inverted,low
CG10106,Tsp42Ee,Tsp42Ee,FBgn0029506,RE12209,picdata/40/insitu12465_s.bmp,6,lateral,AP_inverted,low
CG10106,Tsp42Ee,Tsp42Ee,FBgn0029506,RE12209,picdata/40/insitu12464_s.bmp,6,dorsal,,low
CG10106,Tsp42Ee,Tsp42Ee,FBgn0029506,RE12209,picdata/2/insitu21988_s.bmp,6,,,high
CG10106,Tsp42Ee,Tsp42Ee,FBgn0029506,RE12209,picdata/2/insitu21985_s.bmp,6,ventral,AP_inverted,low
CG10106,Tsp42Ee,Tsp42Ee,FBgn0029506,RE12209,picdata/2/insitu21987_s.bmp,6,ventral,,low
CG10106,Tsp42Ee,Tsp42Ee,FBgn0029506,RE12209,picdata/2/insitu21986_s.bmp,6,ventral,,low
CG10107,CG10107,CG10107,FBgn0035713,LD44235,picdata/2/insitu21984_s.bmp,1,lateral,,low
CG10107,CG10107,CG10107,FBgn0035713,LD44235,picdata/13/insitu34812_s.bmp,2,lateral,AP_DV_inverted,low
CG10107,CG10107,CG10107,FBgn0035713,LD44235,picdata/13/insitu34814_s.bmp,3,dorsal,AP_inverted,low
CG10107,CG10107,CG10107,FBgn0035713,LD44235,picdata/13/insitu34816_s.bmp,4,dorsal,AP_inverted,low
CG10107,CG10107,CG10107,FBgn0035713,LD44235,picdata/13/insitu34811_s.bmp,5,lateral,,low
CG10107,CG10107,CG10107,FBgn0035713,LD44235,picdata/13/insitu34813_s.bmp,5,lateral,,low
CG10107,CG10107,CG10107,FBgn0035713,LD44235,picdata/13/insitu34817_s.bmp,5,lateral,,low
CG10107,CG10107,CG10107,FBgn0035713,LD44235,picdata/13/insitu34815_s.bmp,5,ventral,,low
CG10107,CG10107,CG10107,FBgn0035713,LD44235,picdata/5/insitu12463_s.bmp,5,ventral,,low
CG10107,CG10107,CG10107,FBgn0035713,LD44235,picdata/5/insitu12465_s.bmp,5,lateral,,low
CG10107,CG10107,CG10107,FBgn0035713,LD44235,picdata/5/insitu12464_s.bmp,5,lateral,,low
CG10107,CG10107,CG10107,FBgn0035713,LD44235,picdata/14/insitu26196_s.bmp,6,lateral,,low
CG10107,CG10107,CG10107,FBgn0035713,LD44235,picdata/14/insitu26197_s.bmp,6,lateral,,low
CG10108,phyl,phyl,FBgn0013725,RH04401,picdata/14/insitu26195_s.bmp,1,lateral,,low
CG10108,phyl,phyl,FBgn0013725,RH04401,picdata/22/insitu21988_s.bmp,2,ventral,,low
CG10108,phyl,phyl,FBgn0013725,RH04401,picdata/22/insitu21985_s.bmp,2,lateral,,low
CG10108,phyl,phyl,FBgn0013725,RH04401,picdata/22/insitu21987_s.bmp,2,dorsal,,low
CG10108,phyl,phyl,FBgn0013725,RH04401,picdata/22/insitu21986_s.bmp,2,ventral,,low
CG10108,phyl,phyl,FBgn0013725,RH04401,picdata/22/insitu21984_s.bmp,2,lateral,,low
CG10108,phyl,phyl,FBgn0013725,RH04401,picdata/25/insitu12463_s.bmp,2,lateral,,low
CG10108,phyl,phyl,FBgn0013725,RH04401,picdata/25/insitu12465_s.bmp,2,lateral,,low
CG10108,phyl,phyl,FBgn0013725,RH04401,picdata/25/insitu12464_s.bmp,2,lateral,,low
CG10002,fkh,fkh,FBgn0000659,RE03865,img_dir_25/insitu25289.jpe,4,lateral,AP_inverted,low
CG10002,fkh,fkh,FBgn0000659,RE03865,img_dir_25/insitu25290.jpe,4,dorsal,AP_inverted,low
CG10002,fkh,fkh,FBgn0000659,RE03865,img_dir_25/insitu25291.jpe,4,lateral,AP_inverted,low
CG10002,fkh,fkh,FBgn0000659,RE03865,img_dir_25/insitu25292.jpe,4,lateral,AP_inverted,low
CG10002,fkh,fkh,FBgn0000659,RE03865,img_dir_25/insitu25293.jpe,4,dorsal,AP_inverted,low
CG10002,fkh,fkh,FBgn0000659,RE03865,img_dir_25/insitu25294.jpe,5,lateral,,low
CG10002,fkh,fkh,FBgn0000659,RE03865,img_dir_25/insitu25295.jpe,5,lateral,,low
CG10002,fkh,fkh,FBgn0000659,RE03865,img_dir_25/insitu25296.jpe,5,lateral,,low
CG10002,fkh,fkh,FBgn0000659,RE03865,img_dir_25/insitu25297.jpe,5,lateral,,low
CG10002,fkh,fkh,FBgn0000659,RE03865,img_dir_25/insitu25298.jpe,5,lateral,,low
CG10002,fkh,fkh,FBgn0000659,RE03865,img_dir_25/insitu25299.jpe,5,lateral,,low
CG10002,fkh,fkh,FBgn0000659,RE03865,img_dir_25/insitu25300.jpe,5,ventral,,low
CG10002,fkh,fkh,FBgn0000659,RE03865,img_dir_25/insitu25301.jpe,5,ventral,,low
CG10002,fkh,fkh,FBgn0000659,RE03865,img_dir_25/insitu25302.jpe,5,lateral,,low
CG10002,fkh,fkh,FBgn0000659,RE03865,img_dir_25/insitu25303.jpe,5,,,high
CG10002,fkh,fkh,FBgn0000659,RE03865,img_dir_25/insitu25304.jpe,5,dorsal,,low
CG10002,fkh,fkh,FBgn0000659,RE03865,img_dir_25/insitu25305.jpe,5,ventral,,low
CG10002,fkh,fkh,FBgn0000659,RE03865,img_dir_25/insitu25306.jpe,5,lateral,,low
CG10002,fkh,fkh,FBgn0000659,RE03865,img_dir_25/insitu25307.jpe,5,lateral,,low
CG10002,fkh,fkh,FBgn0000659,RE03865,img_dir_25/insitu25308.jpe,5,lateral,,low
CG10002,fkh,fkh,FBgn0000659,RE03865,img_dir_25/insitu25309.jpe,5,lateral,,low
CG10002,fkh,fkh,FBgn0000659,GMR17D02,img_dir_179/insitu179350.jpe,5,lateral,,
CG10002,fkh,fkh,FBgn0000659,GMR17D02,img_dir_179/insitu179351.jpe,5,lateral,,
CG10002,fkh,fkh,FBgn0000659,GMR17D02,img_dir_179/insitu179352.jpe,5,lateral,,
CG10002,fkh,fkh,FBgn0000659,GMR17D02,img_dir_179/insitu179353.jpe,5,lateral,,
CG10002,fkh,fkh,FBgn0000659,GMR17D02,img_dir_179/insitu179354.jpe,5,dorsal,,
CG10002,fkh,fkh,FBgn0000659,GMR17D02,img_dir_179/insitu179355.jpe,5,dorsal,,
CG10002,fkh,fkh,FBgn0000659,GMR17D02,img_dir_179/insitu179356.jpe,5,dorsal,,
CG10002,fkh,fkh,FBgn0000659,GMR17D02,img_dir_179/insitu179357.jpe,5,dorsal,,
CG10002,fkh,fkh,FBgn0000659,GMR16H06,img_dir_179/insitu179377.jpe,5,lateral,,
CG10002,fkh,fkh,FBgn0000659,GMR16H06,img_dir_179/insitu179378.jpe,5,dorsal,,
CG10002,fkh,fkh,FBgn0000659,GMR16H06,img_dir_179/insitu179379.jpe,5,dorsal,,
CG10002,fkh,fkh,FBgn0000659,GMR16H06,img_dir_179/insitu179380.jpe,5,lateral,,
CG10002,fkh,fkh,FBgn0000659,GMR16H06,img_dir_179/insitu179381.jpe,5,lateral,,
CG10002,fkh,fkh,FBgn0000659,GMR16H06,img_dir_179/insitu179382.jpe,5,dorsal,,
CG10002,fkh,fkh,FBgn0000659,GMR16H06,img_dir_179/insitu179383.jpe,5,lateral,,
CG10002,fkh,fkh,FBgn0000659,GMR16H06,img_dir_179/insitu179384.jpe,5,dorsal,,
CG10002,fkh,fkh,FBgn0000659,GMR16H06,img_dir_179/insitu179385.jpe,5,lateral,,
CG10002,fkh,fkh,FBgn0000659,GMR16H06,img_dir_179/insitu179386.jpe,5,dorsal,,
CG10002,fkh,fkh,FBgn0000659,GMR17D02,img_dir_179/insitu179358.jpe,6,lateral,,
CG10002,fkh,fkh,FBgn0000659,GMR17D02,img_dir_179/insitu179359.jpe,6,dorsal,,
CG10002,fkh,fkh,FBgn0000659,GMR17D02,img_dir_179/insitu179360.jpe,6,ventral,,
CG10002,fkh,fkh,FBgn0000659,GMR17D02,img_dir_179/insitu179361.jpe,6,ventral,,
CG10002,fkh,fkh,FBgn0000659,GMR17D02,img_dir_179/insitu179362.jpe,6,dorsal,,
CG10002,fkh,fkh,FBgn0000659,GMR17D02,img_dir_179/insitu179363.jpe,6,ventral,,
CG10002,fkh,fkh,FBgn0000659,GMR17D02,img_dir_179/insitu179364.jpe,6,ventral,,
CG10002,fkh,fkh,FBgn0000659,GMR16H06,img_dir_179/insitu179387.jpe,6,lateral,,
CG10002,fkh,fkh,FBgn0000659,GMR16H06,img_dir_179/insitu179388.jpe,6,lateral,,
CG10002,fkh,fkh,FBgn0000659,GMR16H06,img_dir_179/insitu179389.jpe,6,lateral,,
CG10002,fkh,fkh,FBgn0000659,GMR16H06,img_dir_179/insitu179390.jpe,6,lateral,,
CG10002,fkh,fkh,FBgn0000659,GMR16H06,img_dir_179/insitu179391.jpe,6,lateral,,
CG10002,fkh,fkh,FBgn0000659,GMR16H06,img_dir_179/insitu179392.jpe,6,dorsal,,
CG10002,fkh,fkh,FBgn0000659,GMR16H06,img_dir_179/insitu179393.jpe,6,dorsal,,
CG10002,fkh,fkh,FBgn0000659,GMR16H06,img_dir_179/insitu179394.jpe,6,dorsal,,
CG10002,fkh,fkh,FBgn0000659,GMR16H06,img_dir_179/insitu179395.jpe,6,dorsal,,
CG10002,fkh,fkh,FBgn0000659,GMR16H06,img_dir_179/insitu179396.jpe,6,dorsal,,
CG10002,fkh,fkh,FBgn0000659,GMR16H06,img_dir_179/insitu179397.jpe,6,dorsal,,
CG10002,fkh,fkh,FBgn0000659,GMR16H06,img_dir_179/insitu179398.jpe,6,dorsal,,
CG10002,fkh,fkh,FBgn0000659,GMR16H06,img_dir_179/insitu179399.jpe,6,ventral,,
CG10002,fkh,fkh,FBgn0000659,GMR16H06,img_dir_179/insitu179400.jpe,6,ventral,,
CG10002,fkh,fkh,FBgn0000659,GMR16H06,img_dir_179/insitu179401.jpe,6,ventral,,
CG10002,fkh,fkh,FBgn0000659,GMR16H06,img_dir_179/insitu179402.jpe,6,ventral,,
CG10002,fkh,fkh,FBgn0000659,GMR16H06,img_dir_179/insitu179403.jpe,6,ventral,,
CG10002,fkh,fkh,FBgn0000659,GMR16H06,img_dir_179/insitu179404.jpe,6,ventral,,
CG10002,fkh,fkh,FBgn0000659,GMR16H06,img_dir_179/insitu179405.jpe,6,ventral,,
CG10002,fkh,fkh,FBgn0000659,GMR16H06,img_dir_179/insitu179406.jpe,6,ventral,,
CG10002,fkh,fkh,FBgn0000659,RE03865,img_dir_25/insitu25310.jpe,6,dorsal,,low
CG10002,fkh,fkh,FBgn0000659,RE03865,img_dir_25/insitu25311.jpe,6,lateral,,low
CG10002,fkh,fkh,FBgn0000659,RE03865,img_dir_25/insitu25312.jpe,6,ventral,AP_inverted,low
CG10002,fkh,fkh,FBgn0000659,RE03865,img_dir_25/insitu25313.jpe,6,lateral,AP_inverted,low
CG10002,fkh,fkh,FBgn0000659,RE03865,img_dir_25/insitu25314.jpe,6,dorsal,,low
CG10002,fkh,fkh,FBgn0000659,RE03865,img_dir_25/insitu25315.jpe,6,lateral,AP_DV_inverted,low
CG10002,fkh,fkh,FBgn0000659,RE03865,img_dir_25/insitu25316.jpe,6,ventral,,low
CG10002,fkh,fkh,FBgn0000659,RE03865,img_dir_25/insitu25317.jpe,6,lateral,DV_inverted,low
CG10002,fkh,fkh,FBgn0000659,RE03865,img_dir_25/insitu25318.jpe,6,ventral,,low
CG10002,fkh,fkh,FBgn0000659,RE03865,img_dir_25/insitu25319.jpe,6,lateral,,low
CG10002,fkh,fkh,FBgn0000659,RE03865,img_dir_25/insitu25320.jpe,6,lateral,,low
CG10002,fkh,fkh,FBgn0000659,RE03865,img_dir_25/insitu25321.jpe,6,ventral,AP_inverted,low
CG10002,fkh,fkh,FBgn0000659,RE03865,img_dir_25/insitu25322.jpe,6,,,high
CG10002,fkh,fkh,FBgn0000659,RE03865,img_dir_25/insitu25323.jpe,6,,,high
CG10002,fkh,fkh,FBgn0000659,RE03865,img_dir_25/insitu25324.jpe,6,,,high
CG10006,CG10006,CG10006,FBgn0036461,IP18018,img_dir_130/insitu130453.jpe,1,lateral,,low
CG10006,CG10006,CG10006,FBgn0036461,IP18018,img_dir_130/insitu130454.jpe,1,dorsal,,low
CG10006,CG10006,CG10006,FBgn0036461,IP18018,img_dir_130/insitu130455.jpe,1,dorsal,,low
CG10006,CG10006,CG10006,FBgn0036461,IP18018,img_dir_130/insitu130456.jpe,2,lateral,,low
CG10006,CG10006,CG10006,FBgn0036461,IP18018,img_dir_130/insitu130457.jpe,2,lateral,,low
CG10006,CG10006,CG10006,FBgn0036461,IP18018,img_dir_130/insitu130458.jpe,2,lateral,,low
CG10006,CG10006,CG10006,FBgn0036461,IP18018,img_dir_130/insitu130459.jpe,2,lateral,,low
CG10006,CG10006,CG10006,FBgn0036461,IP18018,img_dir_130/insitu130460.jpe,2,dorsal,,low
CG10006,CG10006,CG10006,FBgn0036461,IP18018,img_dir_130/insitu130461.jpe,2,lateral,,low
CG10006,CG10006,CG10006,FBgn0036461,IP18018,img_dir_130/insitu130462.jpe,3,lateral,,low
CG10006,CG10006,CG10006,FBgn0036461,IP18018,img_dir_130/insitu130463.jpe,3,dorsal,,low
CG10006,CG10006,CG10006,FBgn0036461,IP18018,img_dir_130/insitu130464.jpe,3,lateral,,low
CG10006,CG10006,CG10006,FBgn0036461,IP18018,img_dir_130/insitu130465.jpe,4,dorsal,,low
CG10006,CG10006,CG10006,FBgn0036461,IP18018,img_dir_130/insitu130466.jpe,4,lateral,,low
CG10006,CG10006,CG10006,FBgn0036461,IP18018,img_dir_130/insitu130467.jpe,4,dorsal,,low
CG10006,CG10006,CG10006,FBgn0036461,IP18018,img_dir_130/insitu130468.jpe,4,lateral,,low
CG10006,CG10006,CG10006,FBgn0036461,IP18018,img_dir_130/insitu130469.jpe,5,lateral,,low
CG10006,CG10006,CG10006,FBgn0036461,IP18018,img_dir_130/insitu130470.jpe,6,dorsal,,low
CG10006,CG10006,CG10006,FBgn0036461,IP18018,img_dir_130/insitu130471.jpe,6,dorsal,,low
CG10006,CG10006,CG10006,FBgn0036461,IP18018,img_dir_130/insitu130472.jpe,6,lateral,,low
CG10006,CG10006,CG10006,FBgn0036461,IP18018,img_dir_130/insitu130473.jpe,6,dorsal,,low
CG10006,CG10006,CG10006,FBgn0036461,IP18018,img_dir_130/insitu130474.jpe,6,dorsal,,low
CG10006,CG10006,CG10006,FBgn0036461,IP18018,img_dir_130/insitu130475.jpe,6,dorsal,,low
CG10006,CG10006,CG10006,FBgn0036461,IP18018,img_dir_130/insitu130476.jpe,6,dorsal,,low
CG10006,CG10006,CG10006,FBgn0036461,IP18018,img_dir_130/insitu130477.jpe,6,dorsal,,low
CG10009,Noa36,Noa36,FBgn0026400,LD37139,img_dir_8/insitu8230.jpe,1,lateral,,low
CG10009,Noa36,Noa36,FBgn0026400,LD37139,img_dir_8/insitu8231.jpe,2,lateral,DV_inverted,low
CG10009,Noa36,Noa36,FBgn0026400,LD37139,img_dir_8/insitu8232.jpe,3,lateral,DV_inverted,low
CG10009,Noa36,Noa36,FBgn0026400,LD37139,img_dir_8/insitu8233.jpe,3,dorsal,,low
CG10009,Noa36,Noa36,FBgn0026400,LD37139,img_dir_8/insitu8234.jpe,3,lateral,AP_DV_inverted,low
CG10009,Noa36,Noa36,FBgn0026400,LD37139,img_dir_8/insitu8235.jpe,4,lateral,DV_inverted,low
CG10009,Noa36,Noa36,FBgn0026400,LD37139,img_dir_8/insitu8236.jpe,5,lateral,,low
CG10009,Noa36,Noa36,FBgn0026400,LD37139,img_dir_8/insitu8237.jpe,5,lateral,,low
CG10009,Noa36,Noa36,FBgn0026400,LD37139,img_dir_8/insitu8238.jpe,5,lateral,,low
CG10009,Noa36,Noa36,FBgn0026400,LD37139,img_dir_8/insitu8239.jpe,5,lateral,,low
CG10009,Noa36,Noa36,FBgn0026400,LD37139,img_dir_8/insitu8240.jpe,5,lateral,,low
CG10009,Noa36,Noa36,FBgn0026400,LD37139,img_dir_8/insitu8241.jpe,5,ventral,,low
CG10009,Noa36,Noa36,FBgn0026400,LD37139,img_dir_8/insitu8242.jpe,6,lateral,AP_DV_inverted,low
CG10009,Noa36,Noa36,FBgn0026400,LD37139,img_dir_8/insitu8243.jpe,6,lateral,AP_DV_inverted,low
CG10009,Noa36,Noa36,FBgn0026400,LD37139,img_dir_8/insitu8244.jpe,6,ventral,AP_inverted,low
CG10009,Noa36,Noa36,FBgn0026400,LD37139,img_dir_8/insitu8245.jpe,6,ventral,AP_inverted,low
CG10009,Noa36,Noa36,FBgn0026400,LD37139,img_dir_8/insitu8246.jpe,6,lateral,AP_inverted,low
CG10009,Noa36,Noa36,FBgn0026400,LD37139,img_dir_8/insitu8247.jpe,6,lateral,AP_inverted,low
CG10009,Noa36,Noa36,FBgn0026400,LD37139,img_dir_8/insitu8248.jpe,6,ventral,AP_inverted,low
CG10013,CG10013,CG10013,FBgn0038012,LD20383,production_images/insituLD20383_0.jpe,1,,,
CG10013,CG10013,CG10013,FBgn0038012,LD20383,production_images/insituLD20383_1.jpe,1,,,
CG10013,CG10013,CG10013,FBgn0038012,LD20383-AU,img_dir_130/insitu130856.jpe,1,lateral,,
CG10013,CG10013,CG10013,FBgn0038012,LD20383-AU,img_dir_130/insitu130857.jpe,2,lateral,,
CG10013,CG10013,CG10013,FBgn0038012,LD20383-AU,img_dir_130/insitu130858.jpe,3,lateral,,
CG10013,CG10013,CG10013,FBgn0038012,LD20383-AU,img_dir_130/insitu130859.jpe,4,lateral,,
CG10013,CG10013,CG10013,FBgn0038012,LD20383-AU,img_dir_130/insitu130860.jpe,5,lateral,,
CG10013,CG10013,CG10013,FBgn0038012,LD20383-AU,img_dir_130/insitu130861.jpe,5,lateral,,
CG10013,CG10013,CG10013,FBgn0038012,LD20383-AU,img_dir_130/insitu130862.jpe,6,lateral,,
CG10014,CG10014,CG10014,FBgn0038000,AT09290,production_images/insituAT09290_0.jpe,1,,,
CG10014,CG10014,CG10014,FBgn0038000,AT09290,production_images/insituAT09290_1.jpe,1,,,
CG10016,drm,drm,FBgn0024244,LD26791-a,img_dir_115/insitu115008.jpe,1,lateral,,
CG10016,drm,drm,FBgn0024244,LD26791,img_dir_9/insitu9822.jpe,1,lateral,,low
CG10016,drm,drm,FBgn0024244,LD26791,img_dir_9/insitu9823.jpe,1,lateral,,low
CG10016,drm,drm,FBgn0024244,LD26791,img_dir_9/insitu9794.jpe,2,ventral,,low
CG10016,drm,drm,FBgn0024244,LD26791,img_dir_9/insitu9795.jpe,2,lateral,DV_inverted,low
CG10016,drm,drm,FBgn0024244,LD26791,img_dir_9/insitu9796.jpe,2,lateral,DV_inverted,low
CG10016,drm,drm,FBgn0024244,LD26791,img_dir_9/insitu9797.jpe,2,lateral,,low
CG10016,drm,drm,FBgn0024244,LD26791,img_dir_9/insitu9798.jpe,2,lateral,,low
CG10016,drm,drm,FBgn0024244,LD26791,img_dir_9/insitu9824.jpe,2,lateral,,low
CG10016,drm,drm,FBgn0024244,LD26791-a,img_dir_115/insitu115009.jpe,2,lateral,,
CG10016,drm,drm,FBgn0024244,LD26791-a,img_dir_115/insitu115010.jpe,2,dorsal,,
CG10016,drm,drm,FBgn0024244,LD26791-a,img_dir_115/insitu115011.jpe,2,lateral,,
CG10016,drm,drm,FBgn0024244,LD26791-a,img_dir_115/insitu115012.jpe,2,lateral,,
CG10016,drm,drm,FBgn0024244,LD26791-a,img_dir_115/insitu115013.jpe,2,lateral,,
CG10016,drm,drm,FBgn0024244,LD26791-a,img_dir_115/insitu115014.jpe,2,lateral,,
CG10016,drm,drm,FBgn0024244,LD26791-a,img_dir_115/insitu115015.jpe,2,lateral,,
CG10016,drm,drm,FBgn0024244,LD26791-a,img_dir_115/insitu115016.jpe,3,lateral,,
CG10016,drm,drm,FBgn0024244,LD26791-a,img_dir_115/insitu115017.jpe,3,lateral,,
CG10016,drm,drm,FBgn0024244,LD26791-a,img_dir_115/insitu115018.jpe,3,lateral,,
CG10016,drm,drm,FBgn0024244,LD26791-a,img_dir_115/insitu115019.jpe,3,dorsal,,
CG10016,drm,drm,FBgn0024244,LD26791-a,img_dir_115/insitu115020.jpe,3,dorsal,,
CG10016,drm,drm,FBgn0024244,LD26791-a,img_dir_115/insitu115021.jpe,3,dorsal,,
CG10016,drm,drm,FBgn0024244,LD26791-a,img_dir_115/insitu115022.jpe,3,dorsal,,
CG10016,drm,drm,FBgn0024244,LD26791-a,img_dir_115/insitu115023.jpe,3,dorsal,,
CG10016,drm,drm,FBgn0024244,LD26791-a,img_dir_115/insitu115024.jpe,3,dorsal,,
CG10016,drm,drm,FBgn0024244,LD26791-a,img_dir_115/insitu115025.jpe,3,dorsal,,
CG10016,drm,drm,FBgn0024244,LD26791-a,img_dir_115/insitu115026.jpe,3,dorsal,,
CG10016,drm,drm,FBgn0024244,LD26791-a,img_dir_115/insitu115027.jpe,3,dorsal,,
CG10016,drm,drm,FBgn0024244,LD26791-a,img_dir_115/insitu115028.jpe,3,dorsal,,
CG10016,drm,drm,FBgn0024244,LD26791,img_dir_9/insitu9799.jpe,3,lateral,AP_DV_inverted,low
CG10016,drm,drm,FBgn0024244,LD26791,img_dir_9/insitu9800.jpe,3,lateral,AP_DV_inverted,low
CG10016,drm,drm,FBgn0024244,LD26791,img_dir_9/insitu9801.jpe,3,ventral,,low
CG10016,drm,drm,FBgn0024244,LD26791,img_dir_9/insitu9802.jpe,3,ventral,,low
CG10016,drm,drm,FBgn0024244,LD26791,img_dir_9/insitu9803.jpe,4,lateral,,low
CG10016,drm,drm,FBgn0024244,LD26791,img_dir_9/insitu9804.jpe,4,ventral,,low
CG10016,drm,drm,FBgn0024244,LD26791,img_dir_9/insitu9805.jpe,4,lateral,DV_inverted,low
CG10016,drm,drm,FBgn0024244,LD26791,img_dir_9/insitu9820.jpe,4,lateral,AP_DV_inverted,low
CG10016,drm,drm,FBgn0024244,LD26791-a,img_dir_115/insitu115029.jpe,4,dorsal,,
CG10016,drm,drm,FBgn0024244,LD26791-a,img_dir_115/insitu115030.jpe,4,dorsal,,
CG10016,drm,drm,FBgn0024244,LD26791-a,img_dir_115/insitu115031.jpe,4,dorsal,,
CG10016,drm,drm,FBgn0024244,LD26791-a,img_dir_115/insitu115032.jpe,4,dorsal,,
CG10016,drm,drm,FBgn0024244,LD26791-a,img_dir_115/insitu115033.jpe,4,dorsal,,
CG10016,drm,drm,FBgn0024244,LD26791-a,img_dir_115/insitu115034.jpe,4,dorsal,,
CG10016,drm,drm,FBgn0024244,LD26791-a,img_dir_115/insitu115035.jpe,4,lateral,,
CG10016,drm,drm,FBgn0024244,LD26791-a,img_dir_115/insitu115036.jpe,4,lateral,,
CG10016,drm,drm,FBgn0024244,LD26791-a,img_dir_115/insitu115037.jpe,4,lateral,,
CG10016,drm,drm,FBgn0024244,LD26791-a,img_dir_115/insitu115038.jpe,4,lateral,,
CG10016,drm,drm,FBgn0024244,LD26791-a,img_dir_115/insitu115039.jpe,4,lateral,,
CG10016,drm,drm,FBgn0024244,LD26791-a,img_dir_115/insitu115040.jpe,4,lateral,,
CG10016,drm,drm,FBgn0024244,LD26791-a,img_dir_115/insitu115041.jpe,4,lateral,,
CG10016,drm,drm,FBgn0024244,LD26791-a,img_dir_115/insitu115042.jpe,5,dorsal,,
CG10016,drm,drm,FBgn0024244,LD26791-a,img_dir_115/insitu115043.jpe,5,dorsal,,
CG10016,drm,drm,FBgn0024244,LD26791-a,img_dir_115/insitu115044.jpe,5,dorsal,,
CG10016,drm,drm,FBgn0024244,LD26791-a,img_dir_115/insitu115045.jpe,5,dorsal,,
CG10016,drm,drm,FBgn0024244,LD26791-a,img_dir_115/insitu115046.jpe,5,dorsal,,
CG10016,drm,drm,FBgn0024244,LD26791-a,img_dir_115/insitu115047.jpe,5,dorsal,,
CG10016,drm,drm,FBgn0024244,LD26791-a,img_dir_115/insitu115048.jpe,5,dorsal,,
CG10016,drm,drm,FBgn0024244,LD26791-a,img_dir_115/insitu115049.jpe,5,dorsal,,
CG10016,drm,drm,FBgn0024244,LD26791-a,img_dir_115/insitu115050.jpe,5,dorsal,,
CG10016,drm,drm,FBgn0024244,LD26791-a,img_dir_115/insitu115051.jpe,5,dorsal,,
CG10016,drm,drm,FBgn0024244,LD26791-a,img_dir_115/insitu115052.jpe,5,lateral,,
CG10016,drm,drm,FBgn0024244,LD26791-a,img_dir_115/insitu115053.jpe,5,lateral,,
CG10016,drm,drm,FBgn0024244,LD26791-a,img_dir_115/insitu115054.jpe,5,lateral,,
CG10016,drm,drm,FBgn0024244,LD26791-a,img_dir_115/insitu115055.jpe,5,lateral,,
CG10016,drm,drm,FBgn0024244,LD26791-a,img_dir_115/insitu115056.jpe,5,lateral,,
CG10016,drm,drm,FBgn0024244,LD26791-a,img_dir_115/insitu115057.jpe,5,lateral,,
CG10016,drm,drm,FBgn0024244,LD26791-a,img_dir_115/insitu115058.jpe,5,lateral,,
CG10016,drm,drm,FBgn0024244,LD26791-a,img_dir_115/insitu115059.jpe,5,lateral,,
CG10016,drm,drm,FBgn0024244,LD26791,img_dir_9/insitu9806.jpe,5,lateral,,low
CG10016,drm,drm,FBgn0024244,LD26791,img_dir_9/insitu9807.jpe,5,lateral,,low
CG10016,drm,drm,FBgn0024244,LD26791,img_dir_9/insitu9808.jpe,5,lateral,,low
CG10016,drm,drm,FBgn0024244,LD26791,img_dir_9/insitu9809.jpe,5,lateral,,low
CG10016,drm,drm,FBgn0024244,LD26791,img_dir_9/insitu9810.jpe,5,lateral,,low
CG10016,drm,drm,FBgn0024244,LD26791,img_dir_9/insitu9811.jpe,5,lateral,,low
CG10016,drm,drm,FBgn0024244,LD26791,img_dir_9/insitu9818.jpe,5,,,high
CG10016,drm,drm,FBgn0024244,LD26791,img_dir_9/insitu9819.jpe,5,lateral,,low
CG10016,drm,drm,FBgn0024244,LD26791,img_dir_9/insitu9825.jpe,5,dorsal,,low
CG10016,drm,drm,FBgn0024244,LD26791,img_dir_9/insitu9826.jpe,5,dorsal,,low
CG10016,drm,drm,FBgn0024244,LD26791,img_dir_9/insitu9827.jpe,5,lateral,,low
CG10016,drm,drm,FBgn0024244,LD26791,img_dir_9/insitu9828.jpe,5,lateral,,low
CG10016,drm,drm,FBgn0024244,LD26791,img_dir_9/insitu9829.jpe,5,lateral,,low
CG10016,drm,drm,FBgn0024244,LD26791,img_dir_9/insitu9830.jpe,5,ventral,,low
CG10016,drm,drm,FBgn0024244,LD26791,img_dir_9/insitu9812.jpe,6,dorsal,,low
CG10016,drm,drm,FBgn0024244,LD26791,img_dir_9/insitu9813.jpe,6,dorsal,,low
CG10016,drm,drm,FBgn0024244,LD26791,img_dir_9/insitu9814.jpe,6,lateral,,low
CG10016,drm,drm,FBgn0024244,LD26791,img_dir_9/insitu9815.jpe,6,lateral,AP_DV_inverted,low
CG10016,drm,drm,FBgn0024244,LD26791,img_dir_9/insitu9816.jpe,6,dorsal,,low
CG10016,drm,drm,FBgn0024244,LD26791,img_dir_9/insitu9817.jpe,6,dorsal,,low
CG10016,drm,drm,FBgn0024244,LD26791,img_dir_9/insitu9821.jpe,6,lateral,,low
CG10016,drm,drm,FBgn0024244,LD26791,img_dir_9/insitu9831.jpe,6,dorsal,,low
CG10016,drm,drm,FBgn0024244,LD26791,img_dir_9/insitu9832.jpe,6,,,high
CG10016,drm,drm,FBgn0024244,LD26791-a,img_dir_115/insitu115060.jpe,6,dorsal,,
CG10016,drm,drm,FBgn0024244,LD26791-a,img_dir_115/insitu115061.jpe,6,dorsal,,
CG10016,drm,drm,FBgn0024244,LD26791-a,img_dir_115/insitu115062.jpe,6,dorsal,,
CG10016,drm,drm,FBgn0024244,LD26791-a,img_dir_115/insitu115063.jpe,6,dorsal,,
CG10016,drm,drm,FBgn0024244,LD26791-a,img_dir_115/insitu115064.jpe,6,dorsal,,
CG10016,drm,drm,FBgn0024244,LD26791-a,img_dir_115/insitu115065.jpe,6,dorsal,,
CG10016,drm,drm,FBgn0024244,LD26791-a,img_dir_115/insitu115066.jpe,6,dorsal,,
CG10016,drm,drm,FBgn0024244,LD26791-a,img_dir_115/insitu115067.jpe,6,dorsal,,
CG10016,drm,drm,FBgn0024244,LD26791-a,img_dir_115/insitu115068.jpe,6,dorsal,,
CG10016,drm,drm,FBgn0024244,LD26791-a,img_dir_115/insitu115069.jpe,6,dorsal,,
CG10016,drm,drm,FBgn0024244,LD26791-a,img_dir_115/insitu115070.jpe,6,lateral,,
CG10016,drm,drm,FBgn0024244,LD26791-a,img_dir_115/insitu115071.jpe,6,lateral,,
CG10016,drm,drm,FBgn0024244,LD26791-a,img_dir_115/insitu115072.jpe,6,lateral,,
CG10016,drm,drm,FBgn0024244,LD26791-a,img_dir_115/insitu115073.jpe,6,lateral,,
CG10016,drm,drm,FBgn0024244,LD26791-a,img_dir_115/insitu115074.jpe,6,lateral,,
CG10016,drm,drm,FBgn0024244,LD26791-a,img_dir_115/insitu115075.jpe,6,lateral,,
CG10016,drm,drm,FBgn0024244,LD26791-a,img_dir_115/insitu115076.jpe,6,lateral,,
CG10016,drm,drm,FBgn0024244,LD26791-a,img_dir_115/insitu115077.jpe,6,lateral,,
CG10016,drm,drm,FBgn0024244,LD26791-a,img_dir_115/insitu115078.jpe,6,lateral,,
CG10016,drm,drm,FBgn0024244,LD26791-a,img_dir_115/insitu115079.jpe,6,lateral,,
CG10016,drm,drm,FBgn0024244,LD26791-a,img_dir_115/insitu115080.jpe,6,lateral,,
CG10017,CG10017,CG10017,FBgn0031557,IP09201,img_dir_118/insitu118691.jpe,1,lateral,,
CG10017,CG10017,CG10017,FBgn0031557,IP09201,img_dir_118/insitu118692.jpe,2,lateral,,
CG10017,CG10017,CG10017,FBgn0031557,IP09201,img_dir_118/insitu118693.jpe,2,dorsal,,
CG10017,CG10017,CG10017,FBgn0031557,IP09201,img_dir_118/insitu118694.jpe,3,dorsal,,
CG10017,CG10017,CG10017,FBgn0031557,IP09201,img_dir_118/insitu118695.jpe,3,lateral,,
CG10017,CG10017,CG10017,FBgn0031557,IP09201,img_dir_118/insitu118696.jpe,4,dorsal,,
CG10017,CG10017,CG10017,FBgn0031557,IP09201,img_dir_118/insitu118697.jpe,4,lateral,,
CG10017,CG10017,CG10017,FBgn0031557,IP09201,img_dir_118/insitu118698.jpe,5,lateral,,
CG10017,CG10017,CG10017,FBgn0031557,IP09201,img_dir_118/insitu118699.jpe,5,dorsal,,
CG10017,CG10017,CG10017,FBgn0031557,IP09201,img_dir_118/insitu118702.jpe,5,lateral,,
CG10017,CG10017,CG10017,FBgn0031557,IP09201,img_dir_118/insitu118703.jpe,5,lateral,,
CG10017,CG10017,CG10017,FBgn0031557,IP09201,img_dir_118/insitu118710.jpe,5,lateral,,
CG10017,CG10017,CG10017,FBgn0031557,IP09201,img_dir_118/insitu118700.jpe,6,dorsal,,
CG10017,CG10017,CG10017,FBgn0031557,IP09201,img_dir_118/insitu118701.jpe,6,ventral,,
CG10017,CG10017,CG10017,FBgn0031557,IP09201,img_dir_118/insitu118704.jpe,6,ventral,,
CG10017,CG10017,CG10017,FBgn0031557,IP09201,img_dir_118/insitu118705.jpe,6,dorsal,,
CG10017,CG10017,CG10017,FBgn0031557,IP09201,img_dir_118/insitu118706.jpe,6,dorsal,,
CG10017,CG10017,CG10017,FBgn0031557,IP09201,img_dir_118/insitu118707.jpe,6,dorsal,,
CG10017,CG10017,CG10017,FBgn0031557,IP09201,img_dir_118/insitu118708.jpe,6,dorsal,,
CG10017,CG10017,CG10017,FBgn0031557,IP09201,img_dir_118/insitu118709.jpe,6,dorsal,,
CG10017,CG10017,CG10017,FBgn0031557,IP09201,img_dir_118/insitu118711.jpe,6,lateral,,
CG10017,CG10017,CG10017,FBgn0031557,IP09201,img_dir_118/insitu118712.jpe,6,lateral,,
CG10017,CG10017,CG10017,FBgn0031557,IP09201,img_dir_118/insitu118713.jpe,6,lateral,,
CG10017,CG10017,CG10017,FBgn0031557,IP09201,img_dir_118/insitu118714.jpe,6,lateral,,
CG10018,Snm1,Snm1,FBgn0037338,LD28027-dg,production_images/insituLD28027-dg_0.jpe,1,,,
CG10018,Snm1,Snm1,FBgn0037338,LD28027-dg,production_images/insituLD28027-dg_1.jpe,1,,,
CG10019,CG10019,CG10019,FBgn0031568,RH41515,production_images/insituRH41515_0.jpe,1,,,
CG10019,CG10019,CG10019,FBgn0031568,RH41515,production_images/insituRH41515_1.jpe,1,,,
CG10021,bowl,bowl,FBgn0004893,LD15350-tf,img_dir_21/insitu21017.jpe,1,lateral,,low
CG10021,bowl,bowl,FBgn0004893,LD15350-a,img_dir_119/insitu119003.jpe,1,lateral,,low
CG10021,bowl,bowl,FBgn0004893,LD15350-a,img_dir_119/insitu119004.jpe,2,lateral,,low
CG10021,bowl,bowl,FBgn0004893,LD15350-a,img_dir_119/insitu119005.jpe,2,lateral,,low
CG10021,bowl,bowl,FBgn0004893,LD15350-a,img_dir_119/insitu119006.jpe,2,dorsal,,low
CG10021,bowl,bowl,FBgn0004893,LD15350-a,img_dir_119/insitu119007.jpe,2,lateral,,low
CG10021,bowl,bowl,FBgn0004893,LD15350-a,img_dir_119/insitu119008.jpe,2,lateral,,low
CG10021,bowl,bowl,FBgn0004893,LD15350-a,img_dir_119/insitu119009.jpe,2,lateral,,low
CG10021,bowl,bowl,FBgn0004893,LD15350-a,img_dir_119/insitu119010.jpe,2,dorsal,,low
CG10021,bowl,bowl,FBgn0004893,LD15350-a,img_dir_119/insitu119011.jpe,2,lateral,,low
CG10021,bowl,bowl,FBgn0004893,LD15350-a,img_dir_119/insitu119012.jpe,2,lateral,,low
CG10021,bowl,bowl,FBgn0004893,LD15350-tf,img_dir_21/insitu21018.jpe,2,lateral,AP_inverted,low
CG10021,bowl,bowl,FBgn0004893,LD15350-tf,img_dir_21/insitu21019.jpe,2,dorsal,,low
CG10021,bowl,bowl,FBgn0004893,LD15350-tf,img_dir_21/insitu21020.jpe,2,lateral,,low
CG10021,bowl,bowl,FBgn0004893,LD15350-tf,img_dir_21/insitu21021.jpe,2,lateral,DV_inverted,low
CG10021,bowl,bowl,FBgn0004893,LD15350-tf,img_dir_21/insitu21022.jpe,2,lateral,AP_DV_inverted,low
CG10021,bowl,bowl,FBgn0004893,LD15350-tf,img_dir_21/insitu21023.jpe,2,lateral,,low
CG10021,bowl,bowl,FBgn0004893,LD15350-tf,img_dir_21/insitu21024.jpe,3,dorsal,AP_inverted,low
CG10021,bowl,bowl,FBgn0004893,LD15350-tf,img_dir_21/insitu21025.jpe,3,lateral,AP_inverted,low
CG10021,bowl,bowl,FBgn0004893,LD15350-a,img_dir_119/insitu119013.jpe,3,lateral,,low
CG10021,bowl,bowl,FBgn0004893,LD15350-a,img_dir_119/insitu119014.jpe,3,lateral,,low
CG10021,bowl,bowl,FBgn0004893,LD15350-a,img_dir_119/insitu119015.jpe,3,lateral,,low
CG10021,bowl,bowl,FBgn0004893,LD15350-a,img_dir_119/insitu119016.jpe,3,dorsal,,low
CG10021,bowl,bowl,FBgn0004893,LD15350-a,img_dir_119/insitu119017.jpe,4,dorsal,,low
CG10021,bowl,bowl,FBgn0004893,LD15350-a,img_dir_119/insitu119018.jpe,4,dorsal,,low
CG10021,bowl,bowl,FBgn0004893,LD15350-a,img_dir_119/insitu119019.jpe,4,lateral,,low
CG10021,bowl,bowl,FBgn0004893,LD15350-tf,img_dir_21/insitu21026.jpe,4,lateral,AP_inverted,low
CG10021,bowl,bowl,FBgn0004893,LD15350-tf,img_dir_21/insitu21039.jpe,4,lateral,AP_DV_inverted,low
CG10021,bowl,bowl,FBgn0004893,LD15350-tf,img_dir_21/insitu21040.jpe,4,lateral,AP_DV_inverted,low
CG10021,bowl,bowl,FBgn0004893,LD15350-tf,img_dir_21/insitu21041.jpe,4,dorsal,AP_inverted,low